market,effectiveAt,fundingRate,fundingRate8Hr,averagePremiumComponent,averagePremiumComponent8Hr
WETH-PUSD,2021-03-10T08:00:00.000Z,0.000000015688626798,0.0004518324517824,0.00000001568862679887,0.000451832451807485
