market,effectiveAt,fundingRate,fundingRate8Hr,averagePremiumComponent,averagePremiumComponent8Hr
WETH-PUSD,2021-03-10T13:00:00.000Z,0.000000011426730046,0.0003290898253248,0.00000001142673004634,0.000329089825334662
