market,effectiveAt,fundingRate,fundingRate8Hr,averagePremiumComponent,averagePremiumComponent8Hr
WETH-PUSD,2021-03-09T05:00:00.000Z,0.000000036037033672,0.0010378665697536,0.00000003603703367266,0.00103786656977255
