market,effectiveAt,fundingRate,fundingRate8Hr,averagePremiumComponent,averagePremiumComponent8Hr
WETH-PUSD,2021-03-08T06:00:00.000Z,0.000000014719306898,0.0004239160386624,0.00000001471930689891,0.000423916038688688
