market,effectiveAt,fundingRate,fundingRate8Hr,averagePremiumComponent,averagePremiumComponent8Hr
WETH-PUSD,2021-03-09T12:00:00.000Z,0.000000031418311764,0.0009048473788032,0.00000003141831176452,0.000904847378818064
