market,effectiveAt,fundingRate,fundingRate8Hr,averagePremiumComponent,averagePremiumComponent8Hr
WETH-PUSD,2021-03-09T04:00:00.000Z,0.000000021571930701,0.0006212716041888,0.00000002157193070142,0.000621271604201
