market,effectiveAt,fundingRate,fundingRate8Hr,averagePremiumComponent,averagePremiumComponent8Hr
PBTC-USDC,2021-03-07T03:00:00.000Z,0.000000025699581266,0.0007401479404608,0.00000002569958126607,0.000740147940462742
